<copybook filename="AMSPRODUCTAPN.cbl"><item display-length="75" level="01" name="RD430-PROD-RECORD" position="1" storage-length="75"><item display-length="14" level="03" name="RD430-PROD-NO-X" position="1" storage-length="14"><item display-length="14" level="05" name="RD430-PROD-NO" numeric="true" picture="9(14)" position="1" storage-length="14"/></item><item display-length="3" level="03" name="RD430-PROD-BRAND-ID" picture="X(3)" position="15" storage-length="3"><condition name="RD430-PROD-BRAND-COLES"><condition value="TAR"/></condition></item><item display-length="2" level="03" name="RD430-PROD-QUAL" picture="X(2)" position="18" storage-length="2"/><item display-length="40" level="03" name="RD430-PROD-DESC" picture="X(40)" position="20" storage-length="40"/><item display-length="8" level="03" name="RD430-PROD-KEYCODE-X" position="60" storage-length="8"><item display-length="8" level="05" name="RD430-PROD-KEYCODE" numeric="true" picture="9(8)" position="60" storage-length="8"/></item><item display-length="4" level="03" name="RD430-DANGR-GOODS-NO-X" position="68" storage-length="4"><item display-length="4" level="05" name="RD430-DANGR-GOODS-NO" numeric="true" picture="9(4)" position="68" storage-length="4"/></item><item display-length="4" level="03" name="RD430-DANGR-GOODS-CLS-X" position="72" redefined="true" storage-length="4"><item display-length="4" level="05" name="RD430-DANGR-GOODS-CLS" numeric="true" picture="9(4)" position="72" storage-length="4"/></item><item display-length="4" level="03" name="RD430-DANGR-GOODS-CLS-X-CMS" position="72" redefines="RD430-DANGR-GOODS-CLS-X" storage-length="4"><item display-length="4" level="05" name="RD430-DANGR-GOODS-CLS-CMS" numeric="true" picture="9(3)V9" position="72" scale="1" storage-length="4"/></item></item></copybook>
