<copybook filename="AMSSHPUPLOAD.cbl"><!--*********************************************************--><!--*    FILE LAYOUT OF THE DISPATCH EXTRACT                *--><!--*    NOTE: USES SAME FIELD NAMES AS STD. DB2 COPYBOOKS  *--><!--*          BUT ALL PACKED FIELDS ARE NOW IN UNSIGNED    *--><!--*          DISPLAY FORMAT, FOR EASIER TRANSFER/IMPORT   *--><!--*                                                       *--><!--**** 15/03/00.   150 BYTES.                             *--><!--*    27.04.00.   200 BYTES.                             *--><!--*********************************************************--><!--*CHANGE CONTROL.--><!--*=================================================================--><!--*VERS|  DATE  |DESCRIPTION                            | AUTHOR--><!--*====+- - - - - - - -+- - - - - - - - - - - - - - - - - - - - - - - - - - - - - - - - - - - - - - -+- - - - - - - - - - - --><!--*V01 |15/03/00|FIRST ISSUE                            | J.BINDER--><!--*====+- - - - - - - -+- - - - - - - - - - - - - - - - - - - - - - - - - - - - - - - - - - - - - - -+- - - - - - - - - - - --><!--*V02 |27.04.00|INCLUDE ALL KEY COLUMNS AND ADD RECORD | J.BINDER--><!--*    |{OR011} |TYPES AP AND AR                        |--><!--*====+- - - - - - - -+- - - - - - - - - - - - - - - - - - - - - - - - - - - - - - - - - - - - - - -+- - - - - - - - - - - --><!--*V03 |18.05.00|MOVE COUNTS OF DS & DI RECORDS FROM    | J.BINDER--><!--*    |{OR075} |THE DH RECORD TO THE DO RECORD         |--><!--*====+- - - - - - - -+- - - - - - - - - - - - - - - - - - - - - - - - - - - - - - - - - - - - - - -+- - - - - - - - - - - --><!--*V04 |16.06.00|ADD ASN#, ASN_SEQ#, & BRAND_DC TO "DO" | J.BINDER--><!--*    |{OR021} |ADD ASN#, ASN_SEQ#, & RCPT#    TO "DS" |--><!--*    |        |ADD RCPT#                      TO "DI" |--><!--*====+- - - - - - - -+- - - - - - - - - - - - - - - - - - - - - - - - - - - - - - - - - - - - - - -+- - - - - - - - - - - --><!--*V05 |24.07.00|ADD NEW RECORD TYPE "DP", SIMILAR TO   | J.BINDER--><!--*    |{OR143} |"DI" BUT FOR COMPLIANT SHIPMENTS ONLY. |--><!--*    |        |NOTE THIS IS A SUMMARY OF "AP" RECORDS |--><!--*====+- - - - - - - -+- - - - - - - - - - - - - - - - - - - - - - - - - - - - - - - - - - - - - - -+- - - - - - - - - - - --><!--*01  RECORD.--><!--*     03  RECORD-TYPE            PIC X(2).--><!--*         88  REC-TYPE-FH                  VALUE 'FH'.--><!--*         88  REC-TYPE-DH                  VALUE 'DH'.--><!--*         88  REC-TYPE-DO                  VALUE 'DO'.--><!--*         88  REC-TYPE-DS                  VALUE 'DS'.--><!--*         88  REC-TYPE-AP                  VALUE 'AP'.--><!--*         88  REC-TYPE-AR                  VALUE 'AR'.--><!--*         88  REC-TYPE-DP                  VALUE 'DP'.--><!--*         88  REC-TYPE-DI                  VALUE 'DI'.--><!--*         88  REC-TYPE-FT                  VALUE 'FT'.--><!--* ========================================================--><item display-length="202" level="03" name="DETAIL-RECORD" position="1" redefined="true" storage-length="202"><!--* ========================================================--><!--* FH     =================================================--><!--* FH     FILE HEADER--><!--* FH     =================================================--><item display-length="2" level="05" name="RECORD-TYPE" picture="X(2)" position="1" storage-length="2"/><item display-length="2" level="05" name="RECORD-TYPE" picture="X(2)" position="3" storage-length="2"/><item display-length="8" level="05" name="FH-DESCRIPTION" picture="X(8)" position="5" storage-length="8"/><item display-length="3" level="05" name="FH-BRAND-ID" picture="X(3)" position="13" storage-length="3"/><item display-length="10" level="05" name="FH-CREATE-DATE" picture="X(10)" position="16" storage-length="10"/><!--*                                       'DD/MM/CCYY'--><item display-length="8" level="05" name="FH-CREATE-TIME" picture="X(08)" position="26" storage-length="8"/><!--*                                       'HH:MM:SS'--><item display-length="169" level="05" name="FH-FILLER" picture="X(169)" position="34" storage-length="169"/></item><!--* DH     =================================================--><!--* DH     DISPATCH HEADER--><!--* DH     =================================================--><item display-length="200" level="03" name="DH" position="1" redefines="DETAIL-RECORD" storage-length="200"><item display-length="2" level="05" name="RECORD-TYPE" picture="X(2)" position="1" storage-length="2"/><item display-length="76" level="05" name="DH-EQV033" position="3" storage-length="76"><item display-length="9" level="10" name="MNFST-NO-DH" numeric="true" picture="9(9)" position="3" storage-length="9"/><item display-length="4" level="10" name="DC-NO-DH" numeric="true" picture="9(4)" position="12" storage-length="4"/><item display-length="3" level="10" name="BRAND-ID-DH" picture="X(3)" position="16" storage-length="3"/><item display-length="4" level="10" name="STR-NO-DH" numeric="true" picture="9(4)" position="19" storage-length="4"/><item display-length="10" level="10" name="DESP-DT-DH" picture="X(10)" position="23" storage-length="10"/><!--*                                       'DD.MM.CCYY'--><item display-length="8" level="10" name="DESP-TM-DH" picture="X(8)" position="33" storage-length="8"/><!--*                                       'HH.MM.SS'--><item display-length="1" level="10" name="OCCURS-TYPE-A-DH" picture="X(1)" position="41" storage-length="1"/><item display-length="1" level="10" name="OCCURS-TYPE-B-DH" picture="X(1)" position="42" storage-length="1"/><item display-length="1" level="10" name="OCCURS-TYPE-C-DH" picture="X(1)" position="43" storage-length="1"/><item display-length="1" level="10" name="PROCESSED-IND-DH" picture="X(1)" position="44" storage-length="1"/><item display-length="8" level="10" name="C-USR-UPDT-DH" picture="X(8)" position="45" storage-length="8"/><item display-length="26" level="10" name="TS-UPDT-DH" picture="X(26)" position="53" storage-length="26"/></item><!--*                                   'CCYY-MM-DD-HH.MM.SS.SSSSSS'--><item display-length="9" level="05" name="DH-NUM-DO" numeric="true" picture="9(09)" position="79" storage-length="9"/><item display-length="113" level="05" name="DH-FILLER" picture="X(113)" position="88" storage-length="113"/></item><!--* DO     =================================================--><!--* DO     DISPATCH ORDER--><!--* DO     =================================================--><item display-length="200" level="03" name="DO" position="1" redefines="DETAIL-RECORD" storage-length="200"><item display-length="2" level="05" name="RECORD-TYPE" picture="X(2)" position="1" storage-length="2"/><item display-length="83" level="05" name="DO-EQV036" position="3" storage-length="83"><item display-length="9" level="10" name="MNFST-NO-DO" numeric="true" picture="9(9)" position="3" storage-length="9"/><item display-length="4" level="10" name="DC-NO-DO" numeric="true" picture="9(4)" position="12" storage-length="4"/><item display-length="3" level="10" name="BRAND-ID-DO" picture="X(3)" position="16" storage-length="3"/><item display-length="4" level="10" name="STR-NO-DO" numeric="true" picture="9(4)" position="19" storage-length="4"/><item display-length="12" level="10" name="ORDER-NO-DO" picture="X(12)" position="23" storage-length="12"/><item display-length="9" level="10" name="RECEIPT-NO-DO" numeric="true" picture="9(9)" position="35" storage-length="9"/><item display-length="1" level="10" name="ORDER-TYPE-DO" picture="X(1)" position="44" storage-length="1"/><item display-length="7" level="10" name="TOT-INNERS-DESP-DO" numeric="true" picture="9(7)" position="45" storage-length="7"/><item display-length="8" level="10" name="C-USR-UPDT-DO" picture="X(8)" position="52" storage-length="8"/><item display-length="26" level="10" name="TS-UPDT-DO" picture="X(26)" position="60" storage-length="26"/></item><!--*                                   'CCYY-MM-DD-HH.MM.SS.SSSSSS'--><item display-length="9" level="05" name="DO-NUM-DS" numeric="true" picture="9(09)" position="86" storage-length="9"/><item display-length="9" level="05" name="DO-NUM-DP" numeric="true" picture="9(09)" position="95" storage-length="9"/><item display-length="9" level="05" name="DO-NUM-DI" numeric="true" picture="9(09)" position="104" storage-length="9"/><item display-length="30" level="05" name="ASN-DO" picture="X(30)" position="113" storage-length="30"/><item display-length="9" level="05" name="ASN-SEQ-NO-DO" numeric="true" picture="9(9)" position="143" storage-length="9"/><item display-length="4" level="05" name="BRAND-DC-DO" numeric="true" picture="9(4)" position="152" storage-length="4"/><item display-length="45" level="05" name="DO-FILLER" picture="X(45)" position="156" storage-length="45"/></item><!--* DS     =================================================--><!--* DS     DISPATCH SCM (COMPLIANT)--><!--* DS     =================================================--><item display-length="200" level="03" name="DS" position="1" redefines="DETAIL-RECORD" storage-length="200"><item display-length="2" level="05" name="RECORD-TYPE" picture="X(2)" position="1" storage-length="2"/><item display-length="106" level="05" name="DS-EQV034" position="3" storage-length="106"><item display-length="9" level="10" name="MNFST-NO-DS" numeric="true" picture="9(9)" position="3" storage-length="9"/><item display-length="4" level="10" name="DC-NO-DS" numeric="true" picture="9(4)" position="12" storage-length="4"/><item display-length="3" level="10" name="BRAND-ID-DS" picture="X(3)" position="16" storage-length="3"/><item display-length="4" level="10" name="STR-NO-DS" numeric="true" picture="9(4)" position="19" storage-length="4"/><item display-length="12" level="10" name="ORDER-NO-DS" picture="X(12)" position="23" storage-length="12"/><item display-length="20" level="10" name="SCM-INNER-DS" picture="X(20)" position="35" storage-length="20"/><item display-length="20" level="10" name="SCM-OUTER-DS" picture="X(20)" position="55" storage-length="20"/><item display-length="8" level="10" name="C-USR-UPDT-DS" picture="X(8)" position="75" storage-length="8"/><item display-length="26" level="10" name="TS-UPDT-DS" picture="X(26)" position="83" storage-length="26"/></item><!--*                                   'CCYY-MM-DD-HH.MM.SS.SSSSSS'--><item display-length="9" level="05" name="DS-NUM-AP" numeric="true" picture="9(09)" position="109" storage-length="9"/><item display-length="9" level="05" name="DS-NUM-AR" numeric="true" picture="9(09)" position="118" storage-length="9"/><item display-length="30" level="05" name="ASN-DS" picture="X(30)" position="127" storage-length="30"/><item display-length="9" level="05" name="ASN-SEQ-NO-DS" numeric="true" picture="9(9)" position="157" storage-length="9"/><item display-length="9" level="05" name="RECEIPT-NO-DS" numeric="true" picture="9(9)" position="166" storage-length="9"/><!--*        05  DS-FILLER          PIC X(074).--><item display-length="26" level="05" name="DS-FILLER" picture="X(026)" position="175" storage-length="26"/></item><!--* AP     =================================================--><!--* AP     ASN PRODUCT--><!--* AP     =================================================--><item display-length="200" level="03" name="AP" position="1" redefines="DETAIL-RECORD" storage-length="200"><item display-length="2" level="05" name="RECORD-TYPE" picture="X(2)" position="1" storage-length="2"/><item display-length="181" level="05" name="AP-EQV007" position="3" storage-length="181"><item display-length="30" level="10" name="ASN-AP" picture="X(30)" position="3" storage-length="30"/><item display-length="9" level="10" name="ASN-SEQ-NO-AP" numeric="true" picture="9(9)" position="33" storage-length="9"/><item display-length="12" level="10" name="ORDER-NO-AP" picture="X(12)" position="42" storage-length="12"/><item display-length="4" level="10" name="STORE-AP" numeric="true" picture="9(4)" position="54" storage-length="4"/><item display-length="20" level="10" name="SCM-AP" picture="X(20)" position="58" storage-length="20"/><item display-length="9" level="10" name="SCM-SEQ-NO-AP" numeric="true" picture="9(9)" position="78" storage-length="9"/><item display-length="14" level="10" name="PROD-NO-AP" numeric="true" picture="9(14)" position="87" storage-length="14"/><item display-length="5" level="10" name="PROD-SEQ-NO-AP" numeric="true" picture="9(5)" position="101" storage-length="5"/><item display-length="2" level="10" name="PROD-QUALIFIER-AP" picture="X(2)" position="106" storage-length="2"/><item display-length="12" level="10" name="QTY-SHIPPED-AP" numeric="true" picture="9(10)V9(2)" position="108" scale="2" storage-length="12"/><item display-length="2" level="10" name="PROD-MEASURE-CD-AP" picture="X(2)" position="120" storage-length="2"/><item display-length="10" level="10" name="USE-BY-DATE-AP" picture="X(10)" position="122" storage-length="10"/><!--*                                       'DD.MM.CCYY'--><item display-length="8" level="10" name="KEYCODE-AP" numeric="true" picture="9(8)" position="132" storage-length="8"/><item display-length="2" level="10" name="ERROR-CODE-AP" picture="X(2)" position="140" storage-length="2"/><item display-length="4" level="10" name="DANGR-GOODS-NO-AP" numeric="true" picture="9(4)" position="142" storage-length="4"/><item display-length="4" level="10" name="DANGR-GOODS-CLS-AP" numeric="true" picture="9(3)V9(1)" position="146" scale="1" storage-length="4"/><item display-length="8" level="10" name="C-USR-UPDT-AP" picture="X(8)" position="150" storage-length="8"/><item display-length="26" level="10" name="TS-UPDT-AP" picture="X(26)" position="158" storage-length="26"/></item><!--*                                   'CCYY-MM-DD-HH.MM.SS.SSSSSS'--><item display-length="17" level="05" name="AP-FILLER" picture="X(017)" position="184" storage-length="17"/></item><!--* AR     =================================================--><!--* AR     SCM CONTENTS CHECKING--><!--* AR     =================================================--><item display-length="200" level="03" name="AR" position="1" redefines="DETAIL-RECORD" storage-length="200"><item display-length="2" level="05" name="RECORD-TYPE" picture="X(2)" position="1" storage-length="2"/><item display-length="184" level="05" name="AR-EQV044" position="3" storage-length="184"><item display-length="3" level="10" name="BRAND-ID-AR" picture="X(3)" position="3" storage-length="3"/><item display-length="12" level="10" name="ORDER-NO-AR" picture="X(12)" position="6" storage-length="12"/><item display-length="4" level="10" name="LOGISTICS-LOC-NOAR" numeric="true" picture="9(4)" position="18" storage-length="4"/><item display-length="9" level="10" name="RECEIPT-NO-AR" numeric="true" picture="9(9)" position="22" storage-length="9"/><item display-length="20" level="10" name="SCM-AR" picture="X(20)" position="31" storage-length="20"/><item display-length="14" level="10" name="PROD-NO-AR" numeric="true" picture="9(14)" position="51" storage-length="14"/><item display-length="2" level="10" name="PROD-QUALIFIER-AR" picture="X(2)" position="65" storage-length="2"/><item display-length="2" level="10" name="QUALITY-CODE-AR" picture="X(2)" position="67" storage-length="2"/><item display-length="12" level="10" name="CHECKED-QTY-AR" numeric="true" picture="9(10)V9(2)" position="69" scale="2" storage-length="12"/><item display-length="8" level="10" name="SUP-ID-AR" numeric="true" picture="9(8)" position="81" storage-length="8"/><item display-length="30" level="10" name="ASN-AR" picture="X(30)" position="89" storage-length="30"/><item display-length="4" level="10" name="BRAND-DC-AR" numeric="true" picture="9(4)" position="119" storage-length="4"/><item display-length="1" level="10" name="VALID-PROD-IND-AR" picture="X(1)" position="123" storage-length="1"/><item display-length="1" level="10" name="PROCESSED-IND-AR" picture="X(1)" position="124" storage-length="1"/><item display-length="10" level="10" name="CHECKED-BY-AR" picture="X(10)" position="125" storage-length="10"/><item display-length="10" level="10" name="CHECKED-DATE-AR" picture="X(10)" position="135" storage-length="10"/><item display-length="8" level="10" name="CHECKED-TIME-AR" picture="X(8)" position="145" storage-length="8"/><item display-length="8" level="10" name="C-USR-UPDT-AR" picture="X(8)" position="153" storage-length="8"/><item display-length="26" level="10" name="TS-UPDT-AR" picture="X(26)" position="161" storage-length="26"/></item><!--*                                   'CCYY-MM-DD-HH.MM.SS.SSSSSS'--><item display-length="14" level="05" name="AR-FILLER" picture="X(014)" position="187" storage-length="14"/></item><!--* DP     =================================================--><!--* DP     DISPATCH PRODUCTS (COMPLIANT)--><!--* DP     =================================================--><item display-length="200" level="03" name="DP" position="1" redefines="DETAIL-RECORD" storage-length="200"><item display-length="2" level="05" name="RECORD-TYPE" picture="X(2)" position="1" storage-length="2"/><item display-length="105" level="05" name="DP-RECORD" position="3" storage-length="105"><item display-length="9" level="10" name="MNFST-NO-DP" numeric="true" picture="9(9)" position="3" storage-length="9"/><item display-length="4" level="10" name="DC-NO-DP" numeric="true" picture="9(4)" position="12" storage-length="4"/><item display-length="3" level="10" name="BRAND-ID-DP" picture="X(3)" position="16" storage-length="3"/><item display-length="4" level="10" name="STR-NO-DP" numeric="true" picture="9(4)" position="19" storage-length="4"/><item display-length="12" level="10" name="ORDER-NO-DP" picture="X(12)" position="23" storage-length="12"/><item display-length="8" level="10" name="KEYCODE-DP" numeric="true" picture="9(8)" position="35" storage-length="8"/><item display-length="14" level="10" name="PROD-NO-DP" numeric="true" picture="9(14)" position="43" storage-length="14"/><item display-length="2" level="10" name="PROD-QUALIFIER-DP" picture="X(2)" position="57" storage-length="2"/><item display-length="9" level="10" name="DESP-QTY-DP" numeric="true" picture="9(9)" position="59" storage-length="9"/><item display-length="6" level="10" name="ITMS-PER-CTN-QTYDP" numeric="true" picture="9(6)" position="68" storage-length="6"/><item display-length="8" level="10" name="C-USR-UPDT-DP" picture="X(8)" position="74" storage-length="8"/><item display-length="26" level="10" name="TS-UPDT-DP" picture="X(26)" position="82" storage-length="26"/></item><!--*                                   'CCYY-MM-DD-HH.MM.SS.SSSSSS'--><item display-length="9" level="05" name="RECEIPT-NO-DP" numeric="true" picture="9(9)" position="108" storage-length="9"/><item display-length="84" level="05" name="DP-FILLER" picture="X(84)" position="117" storage-length="84"/></item><!--* DI     =================================================--><!--* DI     DISPATCH ITEMS (NON-COMPLIANT)--><!--* DI     =================================================--><item display-length="116" level="03" name="DI" position="1" redefines="DETAIL-RECORD" storage-length="116"><item display-length="2" level="05" name="RECORD-TYPE" picture="X(2)" position="1" storage-length="2"/><item display-length="105" level="05" name="DI-EQV035" position="3" storage-length="105"><item display-length="9" level="10" name="MNFST-NO-DI" numeric="true" picture="9(9)" position="3" storage-length="9"/><item display-length="4" level="10" name="DC-NO-DI" numeric="true" picture="9(4)" position="12" storage-length="4"/><item display-length="3" level="10" name="BRAND-ID-DI" picture="X(3)" position="16" storage-length="3"/><item display-length="4" level="10" name="STR-NO-DI" numeric="true" picture="9(4)" position="19" storage-length="4"/><item display-length="12" level="10" name="ORDER-NO-DI" picture="X(12)" position="23" storage-length="12"/><item display-length="8" level="10" name="KEYCODE-DI" numeric="true" picture="9(8)" position="35" storage-length="8"/><item display-length="14" level="10" name="PROD-NO-DI" numeric="true" picture="9(14)" position="43" storage-length="14"/><item display-length="2" level="10" name="PROD-QUALIFIER-DI" picture="X(2)" position="57" storage-length="2"/><item display-length="9" level="10" name="DESP-QTY-DI" numeric="true" picture="9(9)" position="59" storage-length="9"/><item display-length="6" level="10" name="ITMS-PER-CTN-QTYDI" numeric="true" picture="9(6)" position="68" storage-length="6"/><item display-length="8" level="10" name="C-USR-UPDT-DI" picture="X(8)" position="74" storage-length="8"/><item display-length="26" level="10" name="TS-UPDT-DI" picture="X(26)" position="82" storage-length="26"/></item><!--*                                   'CCYY-MM-DD-HH.MM.SS.SSSSSS'--><item display-length="9" level="05" name="RECEIPT-NO-DI" numeric="true" picture="9(9)" position="108" storage-length="9"/></item><!--* FT     =================================================--><!--* FT     FILE TRAILER--><!--* FT     =================================================--><item display-length="92" level="03" name="FT" position="1" redefines="DETAIL-RECORD" storage-length="92"><item display-length="2" level="05" name="RECORD-TYPE" picture="X(2)" position="1" storage-length="2"/><item display-length="9" level="05" name="FT-NUM-RECDS" numeric="true" picture="9(09)" position="3" storage-length="9"/><item display-length="9" level="05" name="FT-NUM-FH" numeric="true" picture="9(09)" position="12" storage-length="9"/><item display-length="9" level="05" name="FT-NUM-DH" numeric="true" picture="9(09)" position="21" storage-length="9"/><item display-length="9" level="05" name="FT-NUM-DO" numeric="true" picture="9(09)" position="30" storage-length="9"/><item display-length="9" level="05" name="FT-NUM-DS" numeric="true" picture="9(09)" position="39" storage-length="9"/><item display-length="9" level="05" name="FT-NUM-AP" numeric="true" picture="9(09)" position="48" storage-length="9"/><item display-length="9" level="05" name="FT-NUM-AR" numeric="true" picture="9(09)" position="57" storage-length="9"/><item display-length="9" level="05" name="FT-NUM-DP" numeric="true" picture="9(09)" position="66" storage-length="9"/><item display-length="9" level="05" name="FT-NUM-DI" numeric="true" picture="9(09)" position="75" storage-length="9"/><item display-length="9" level="05" name="FT-NUM-FT" numeric="true" picture="9(09)" position="84" storage-length="9"/></item></copybook>
