<copybook filename="AMSVENDOR.cbl"><!--******************************--><!--* Vendor Upload--><!--******************************--><item display-length="76" level="01" name="Ams-Vendor" position="1" storage-length="76"><item display-length="3" level="03" name="Brand" picture="x(3)" position="1" storage-length="3"/><item display-length="8" level="03" name="Vendor-Number" numeric="true" picture="9(8)" position="4" storage-length="8"/><item display-length="40" level="03" name="Vendor-Name" picture="X(40)" position="12" storage-length="40"/><item display-length="15" level="03" name="Filler-1" picture="X(15)" position="52" storage-length="15"/><item display-length="3" level="03" name="Code-850" numeric="true" picture="999" position="67" storage-length="3"/><item display-length="1" level="03" name="Value-P" picture="X" position="70" storage-length="1"/><item display-length="3" level="03" name="Filler" picture="X(3)" position="71" storage-length="3"/><item display-length="3" level="03" name="Zero-Value" numeric="true" picture="999" position="74" storage-length="3"/></item></copybook>
