<copybook filename="MASTER_RECORD.cbl"><item display-length="39" level="01" name="MAST-RECORD" position="1" storage-length="39"><item display-length="9" level="05" name="M-SOC-SEC-NUMBER" picture="X(9)" position="1" storage-length="9"/><item display-length="17" level="05" name="M-NAME" position="10" storage-length="17"><item display-length="15" level="10" name="M-LAST-NAME" picture="X(15)" position="10" storage-length="15"/><item display-length="2" level="10" name="M-INITIALS" picture="XX" position="25" storage-length="2"/></item><item display-length="3" level="05" name="M-LOCATION-CODE" picture="X(3)" position="27" storage-length="3"/><item display-length="2" level="05" name="M-COMMISSION-RATE" numeric="true" picture="99" position="30" storage-length="2"/><item display-length="8" level="05" name="M-YEAR-TO-DATE-SALES" numeric="true" picture="9(8)" position="32" storage-length="8"/></item></copybook>
