<copybook filename="SALESRECORD.cbl"><item display-length="58" level="01" name="SALES-RECORD-IN" position="1" storage-length="58"><item display-length="6" level="05" name="SR-ACCOUNT-NUMBER" numeric="true" picture="9(6)" position="1" storage-length="6"/><item display-length="1" level="05" name="FILLER" picture="X" position="7" storage-length="1"/><item display-length="15" level="05" name="SR-NAME" picture="X(15)" position="8" storage-length="15"/><item display-length="4" level="05" name="SR-SALES" numeric="true" picture="S9(4)" position="23" signed="true" storage-length="4"/><item display-length="2" level="05" name="FILLER" picture="XX" position="27" storage-length="2"/><item display-length="2" level="05" name="SR-COMMISSION-PERCENT" numeric="true" picture="V99" position="29" scale="2" storage-length="2"/><item display-length="2" level="05" name="FILLER" picture="XX" position="31" storage-length="2"/><item display-length="15" level="05" name="SR-LOCATION" picture="X(15)" position="33" storage-length="15"/><item display-length="11" level="05" name="SR-REGION" picture="X(11)" position="48" storage-length="11"/></item></copybook>
