<?xml version="1.0" ?><RECORD RECORDNAME="ams Receipt" COPYBOOK="" DELIMITER="&lt;Tab&gt;" FILESTRUCTURE="Default" STYLE="0" RECORDTYPE="GroupOfRecords" LIST="Y" QUOTE="" RecSep="default"><RECORDS><RECORD RECORDNAME="ams Receipt FH Header" COPYBOOK="STDREC01" DELIMITER="&lt;Tab&gt;" DESCRIPTION="FH File Header" FILESTRUCTURE="Default" STYLE="0" RECORDTYPE="RecordLayout" LIST="N" QUOTE="" RecSep="default" TESTFIELD="Record Type" TESTVALUE="FH"><FIELDS><FIELD NAME="Record Type" POSITION="1" LENGTH="2" TYPE="Char" COBOLNAME="STDR-RECORD-TYPE"/><FIELD NAME="Fh Description" POSITION="3" LENGTH="8" TYPE="Char" COBOLNAME="STDR-FH-DESCRIPTION"/><FIELD NAME="Fh Brand Id" POSITION="11" LENGTH="3" TYPE="Char" COBOLNAME="STDR-FH-BRAND-ID"/><FIELD NAME="Creation Date" POSITION="14" LENGTH="10" TYPE="Num (Right Justified zero padded)" COBOLNAME="STDR-FH-CRD-DD"/><FIELD NAME="Creation Time" POSITION="24" LENGTH="8" TYPE="Num (Right Justified zero padded)" COBOLNAME="STDR-FH-CRT-HH"/><FIELD NAME="Fh Filler" POSITION="32" LENGTH="319" TYPE="Char" COBOLNAME="STDR-FH-FILLER"/></FIELDS></RECORD><RECORD RECORDNAME="ams Receipt RH Receipt Header" COPYBOOK="STDREC01_1" DELIMITER="&lt;Tab&gt;" DESCRIPTION="Receipt Upload RH RECEIPT HEADER" FILESTRUCTURE="Default" STYLE="0" RECORDTYPE="RecordLayout" LIST="N" QUOTE="" RecSep="default" TESTFIELD="Record Type" TESTVALUE="RH"><FIELDS><FIELD NAME="Record Type" POSITION="1" LENGTH="2" TYPE="Char" COBOLNAME="STDR-RECORD-TYPE"/><FIELD NAME="Brand Id Rh" POSITION="3" LENGTH="3" TYPE="Char" COBOLNAME="BRAND-ID-RH"/><FIELD NAME="Order No Rh" POSITION="6" LENGTH="12" TYPE="Char" COBOLNAME="ORDER-NO-RH"/><FIELD NAME="Receipt Locn Rh" POSITION="18" LENGTH="4" TYPE="Num (Right Justified zero padded)" COBOLNAME="RECEIPT-LOCN-RH"/><FIELD NAME="Sup Id Rh" POSITION="31" LENGTH="8" TYPE="Num (Right Justified zero padded)" COBOLNAME="SUP-ID-RH"/><FIELD NAME="Receipt Date Rh" POSITION="39" LENGTH="10" TYPE="Char" COBOLNAME="RECEIPT-DATE-RH"/><FIELD NAME="Receipt Time Rh" POSITION="49" LENGTH="8" TYPE="Char" COBOLNAME="RECEIPT-TIME-RH"/><FIELD NAME="Brand Xref Rh" POSITION="57" LENGTH="5" TYPE="Num (Right Justified zero padded)" COBOLNAME="BRAND-XREF-RH"/><FIELD NAME="Brand Dc No Rh" POSITION="62" LENGTH="4" TYPE="Num (Right Justified zero padded)" COBOLNAME="BRAND-DC-NO-RH"/><FIELD NAME="Rcpt Final Stat Rh" POSITION="66" LENGTH="1" TYPE="Char" COBOLNAME="RCPT-FINAL-STAT-RH"/><FIELD NAME="Processed Ind Rh" POSITION="67" LENGTH="1" TYPE="Char" COBOLNAME="PROCESSED-IND-RH"/><FIELD NAME="Asn Rh" POSITION="68" LENGTH="30" TYPE="Char" COBOLNAME="ASN-RH"/><FIELD NAME="Asn Seq No Rh" POSITION="98" LENGTH="9" TYPE="Num (Right Justified zero padded)" COBOLNAME="ASN-SEQ-NO-RH"/><FIELD NAME="Smpl Chck Ctn Rh" POSITION="107" LENGTH="7" TYPE="Num (Right Justified zero padded)" COBOLNAME="SMPL-CHCK-CTN-RH"/><FIELD NAME="Smpl Chck U Rh" POSITION="114" LENGTH="11" DECIMAL="2" TYPE="Num Assumed Decimal (Zero padded)" COBOLNAME="SMPL-CHCK-U-RH"/><FIELD NAME="Invoice No Rh" POSITION="125" LENGTH="20" TYPE="Char" COBOLNAME="INVOICE-NO-RH"/><FIELD NAME="Tot Rcpt Amt Rh" POSITION="145" LENGTH="9" DECIMAL="2" TYPE="Num Assumed Decimal (Zero padded)" COBOLNAME="TOT-RCPT-AMT-RH"/><FIELD NAME="Tot Recv Qty Rh" POSITION="154" LENGTH="9" TYPE="Num (Right Justified zero padded)" COBOLNAME="TOT-RECV-QTY-RH"/><FIELD NAME="Tot Outers Rh" POSITION="163" LENGTH="11" DECIMAL="2" TYPE="Num Assumed Decimal (Zero padded)" COBOLNAME="TOT-OUTERS-RH"/><FIELD NAME="Carrier Connote Rh" POSITION="174" LENGTH="20" TYPE="Char" COBOLNAME="CARRIER-CONNOTE-RH"/><FIELD NAME="Ers Status Rh" POSITION="194" LENGTH="1" TYPE="Char" COBOLNAME="ERS-STATUS-RH"/><FIELD NAME="Chk Result Adjd Rh" POSITION="195" LENGTH="1" TYPE="Char" COBOLNAME="CHK-RESULT-ADJD-RH"/><FIELD NAME="Brand Stk Upd Rh" POSITION="196" LENGTH="1" TYPE="Char" COBOLNAME="BRAND-STK-UPD-RH"/><FIELD NAME="Orginl Scm Cnt Rh" POSITION="197" LENGTH="7" TYPE="Num (Right Justified zero padded)" COBOLNAME="ORGINL-SCM-CNT-RH"/><FIELD NAME="Pick Pack Ind Rh" POSITION="204" LENGTH="1" TYPE="Char" COBOLNAME="PICK-PACK-IND-RH"/><FIELD NAME="C Usr Updt Rh" POSITION="205" LENGTH="8" TYPE="Char" COBOLNAME="C-USR-UPDT-RH"/><FIELD NAME="Ts Updt Rh" POSITION="213" LENGTH="26" TYPE="Char" COBOLNAME="TS-UPDT-RH"/><FIELD NAME="Rh Num Rd" POSITION="239" LENGTH="9" TYPE="Num (Right Justified zero padded)" COBOLNAME="STDR-RH-NUM-RD"/><FIELD NAME="Rh Num As" POSITION="248" LENGTH="9" TYPE="Num (Right Justified zero padded)" COBOLNAME="STDR-RH-NUM-AS"/><FIELD NAME="Rh Filler" POSITION="257" LENGTH="94" TYPE="Char" COBOLNAME="STDR-RH-FILLER"/></FIELDS></RECORD><RECORD RECORDNAME="ams Receipt RD Recipt Product" COPYBOOK="STDREC01_2" DELIMITER="&lt;Tab&gt;" DESCRIPTION="RD RECEIPT PRODUCT" FILESTRUCTURE="Default" STYLE="0" RECORDTYPE="RecordLayout" LIST="N" QUOTE="" RecSep="default" TESTFIELD="Record Type" TESTVALUE="RD"><FIELDS><FIELD NAME="Record Type" POSITION="1" LENGTH="2" TYPE="Char" COBOLNAME="STDR-RECORD-TYPE"/><FIELD NAME="Brand Id Rd" POSITION="3" LENGTH="3" TYPE="Char" COBOLNAME="BRAND-ID-RD"/><FIELD NAME="Order No Rd" POSITION="6" LENGTH="12" TYPE="Char" COBOLNAME="ORDER-NO-RD"/><FIELD NAME="Receipt Locn Rd" POSITION="18" LENGTH="4" TYPE="Num (Right Justified zero padded)" COBOLNAME="RECEIPT-LOCN-RD"/><FIELD NAME="Prod No Rd" POSITION="31" LENGTH="14" TYPE="Num (Right Justified zero padded)" COBOLNAME="PROD-NO-RD"/><FIELD NAME="Keycode Rd" POSITION="45" LENGTH="8" TYPE="Num (Right Justified zero padded)" COBOLNAME="KEYCODE-RD"/><FIELD NAME="Seq No Rd" POSITION="53" LENGTH="5" TYPE="Num (Right Justified zero padded)" COBOLNAME="SEQ-NO-RD"/><FIELD NAME="Prod Qualifier Rd" POSITION="58" LENGTH="2" TYPE="Char" COBOLNAME="PROD-QUALIFIER-RD"/><FIELD NAME="Rcvd Qty Rd" POSITION="60" LENGTH="9" TYPE="Num (Right Justified zero padded)" COBOLNAME="RCVD-QTY-RD"/><FIELD NAME="Itms Per Ctn Qtyrd" POSITION="69" LENGTH="6" TYPE="Num (Right Justified zero padded)" COBOLNAME="ITMS-PER-CTN-QTYRD"/><FIELD NAME="Unit Cost Rd" POSITION="75" LENGTH="14" DECIMAL="3" TYPE="Num Assumed Decimal (Zero padded)" COBOLNAME="UNIT-COST-RD"/><FIELD NAME="C Usr Updt Rd" POSITION="89" LENGTH="8" TYPE="Char" COBOLNAME="C-USR-UPDT-RD"/><FIELD NAME="Ts Updt Rd" POSITION="97" LENGTH="26" TYPE="Char" COBOLNAME="TS-UPDT-RD"/><FIELD NAME="Rd Num Rs" POSITION="123" LENGTH="9" TYPE="Num (Right Justified zero padded)" COBOLNAME="STDR-RD-NUM-RS"/><FIELD NAME="Rd Filler" POSITION="132" LENGTH="219" TYPE="Char" COBOLNAME="STDR-RD-FILLER"/></FIELDS></RECORD><RECORD RECORDNAME="ams Receipt RS Recipt Store" COPYBOOK="STDREC01_3" DELIMITER="&lt;Tab&gt;" DESCRIPTION="RS RECEIPT STORE ALLOCATION" FILESTRUCTURE="Default" STYLE="0" RECORDTYPE="RecordLayout" LIST="N" QUOTE="" RecSep="default" TESTFIELD="Record Type" TESTVALUE="RS"><FIELDS><FIELD NAME="Record Type" POSITION="1" LENGTH="2" TYPE="Char" COBOLNAME="STDR-RECORD-TYPE"/><FIELD NAME="Brand Id Rs" POSITION="3" LENGTH="3" TYPE="Char" COBOLNAME="BRAND-ID-RS"/><FIELD NAME="Order No Rs" POSITION="6" LENGTH="12" TYPE="Char" COBOLNAME="ORDER-NO-RS"/><FIELD NAME="Receipt Locn Rs" POSITION="18" LENGTH="4" TYPE="Num (Right Justified zero padded)" COBOLNAME="RECEIPT-LOCN-RS"/><FIELD NAME="Prod No Rs" POSITION="31" LENGTH="14" TYPE="Num (Right Justified zero padded)" COBOLNAME="PROD-NO-RS"/><FIELD NAME="Keycode Rs" POSITION="45" LENGTH="8" TYPE="Num (Right Justified zero padded)" COBOLNAME="KEYCODE-RS"/><FIELD NAME="Seq No Rs" POSITION="53" LENGTH="5" TYPE="Num (Right Justified zero padded)" COBOLNAME="SEQ-NO-RS"/><FIELD NAME="Str No Rs" POSITION="58" LENGTH="4" TYPE="Num (Right Justified zero padded)" COBOLNAME="STR-NO-RS"/><FIELD NAME="Rec Alc Qty Rs" POSITION="62" LENGTH="9" TYPE="Num (Right Justified zero padded)" COBOLNAME="REC-ALC-QTY-RS"/><FIELD NAME="Outst Ord Qty Rs" POSITION="71" LENGTH="9" TYPE="Num (Right Justified zero padded)" COBOLNAME="OUTST-ORD-QTY-RS"/><FIELD NAME="C Usr Updt Rs" POSITION="80" LENGTH="8" TYPE="Char" COBOLNAME="C-USR-UPDT-RS"/><FIELD NAME="Ts Updt Rs" POSITION="88" LENGTH="26" TYPE="Char" COBOLNAME="TS-UPDT-RS"/><FIELD NAME="Act Recv Qty Rs" POSITION="114" LENGTH="9" TYPE="Num (Right Justified zero padded)" COBOLNAME="ACT-RECV-QTY-RS"/><FIELD NAME="Rs Filler" POSITION="123" LENGTH="228" TYPE="Char" COBOLNAME="STDR-RS-FILLER"/></FIELDS></RECORD><RECORD RECORDNAME="ams Receipt AS" COPYBOOK="STDREC01_4" DELIMITER="&lt;Tab&gt;" DESCRIPTION="AS: ASN Header" FILESTRUCTURE="Default" STYLE="0" RECORDTYPE="RecordLayout" LIST="N" QUOTE="" RecSep="default" TESTFIELD="Record Type" TESTVALUE="AS"><FIELDS><FIELD NAME="Record Type" POSITION="1" LENGTH="2" TYPE="Char" COBOLNAME="STDR-RECORD-TYPE"/><FIELD NAME="Asn As" POSITION="3" LENGTH="30" TYPE="Char" COBOLNAME="ASN-AS"/><FIELD NAME="Asn Seq No As" POSITION="33" LENGTH="9" TYPE="Num (Right Justified zero padded)" COBOLNAME="ASN-SEQ-NO-AS"/><FIELD NAME="Sup Edi Addr As" POSITION="42" LENGTH="15" TYPE="Char" COBOLNAME="SUP-EDI-ADDR-AS"/><FIELD NAME="Brand Id As" POSITION="57" LENGTH="3" TYPE="Char" COBOLNAME="BRAND-ID-AS"/><FIELD NAME="Prod Test Ind As" POSITION="60" LENGTH="1" TYPE="Char" COBOLNAME="PROD-TEST-IND-AS"/><FIELD NAME="Transaction Dt As" POSITION="61" LENGTH="10" TYPE="Char" COBOLNAME="TRANSACTION-DT-AS"/><FIELD NAME="Transaction Tm As" POSITION="71" LENGTH="8" TYPE="Char" COBOLNAME="TRANSACTION-TM-AS"/><FIELD NAME="Trans Set Purp As" POSITION="79" LENGTH="2" TYPE="Char" COBOLNAME="TRANS-SET-PURP-AS"/><FIELD NAME="Asn Structure As" POSITION="81" LENGTH="4" TYPE="Char" COBOLNAME="ASN-STRUCTURE-AS"/><FIELD NAME="Ship Gross Vol As" POSITION="85" LENGTH="9" DECIMAL="3" TYPE="Num Assumed Decimal (Zero padded)" COBOLNAME="SHIP-GROSS-VOL-AS"/><FIELD NAME="Vol Measure Cd As" POSITION="94" LENGTH="2" TYPE="Char" COBOLNAME="VOL-MEASURE-CD-AS"/><FIELD NAME="Ship Pack Code As" POSITION="96" LENGTH="5" TYPE="Char" COBOLNAME="SHIP-PACK-CODE-AS"/><FIELD NAME="Ship Ldg Qty As" POSITION="101" LENGTH="7" TYPE="Num (Right Justified zero padded)" COBOLNAME="SHIP-LDG-QTY-AS"/><FIELD NAME="Ship Ldg Wgt As" POSITION="108" LENGTH="11" DECIMAL="3" TYPE="Num Assumed Decimal (Zero padded)" COBOLNAME="SHIP-LDG-WGT-AS"/><FIELD NAME="Ship Wgt Code As" POSITION="119" LENGTH="2" TYPE="Char" COBOLNAME="SHIP-WGT-CODE-AS"/><FIELD NAME="Ship Status As" POSITION="121" LENGTH="2" TYPE="Char" COBOLNAME="SHIP-STATUS-AS"/><FIELD NAME="Carrier Connote As" POSITION="123" LENGTH="20" TYPE="Char" COBOLNAME="CARRIER-CONNOTE-AS"/><FIELD NAME="Ship Sched Dt As" POSITION="143" LENGTH="10" TYPE="Char" COBOLNAME="SHIP-SCHED-DT-AS"/><FIELD NAME="Dlvy Sched Dt As" POSITION="153" LENGTH="10" TYPE="Char" COBOLNAME="DLVY-SCHED-DT-AS"/><FIELD NAME="M Dc Dlvy As" POSITION="163" LENGTH="4" TYPE="Num (Right Justified zero padded)" COBOLNAME="M-DC-DLVY-AS"/><FIELD NAME="Sup Id As" POSITION="167" LENGTH="8" TYPE="Num (Right Justified zero padded)" COBOLNAME="SUP-ID-AS"/><FIELD NAME="Sup Name As" POSITION="175" LENGTH="35" TYPE="Char" COBOLNAME="SUP-NAME-AS"/><FIELD NAME="A Alloc Reg Net As" POSITION="210" LENGTH="13" DECIMAL="4" TYPE="Num Assumed Decimal (Zero padded)" COBOLNAME="A-ALLOC-REG-NET-AS"/><FIELD NAME="Valid Ind As" POSITION="223" LENGTH="1" TYPE="Char" COBOLNAME="VALID-IND-AS"/><FIELD NAME="Reason Code As" POSITION="224" LENGTH="1" TYPE="Char" COBOLNAME="REASON-CODE-AS"/><FIELD NAME="Asn State As" POSITION="225" LENGTH="2" TYPE="Num (Right Justified zero padded)" COBOLNAME="ASN-STATE-AS"/><FIELD NAME="Full Dlvy Ind As" POSITION="227" LENGTH="1" TYPE="Char" COBOLNAME="FULL-DLVY-IND-AS"/><FIELD NAME="Ship Sscc As" POSITION="228" LENGTH="20" TYPE="Char" COBOLNAME="SHIP-SSCC-AS"/><FIELD NAME="Edi Err Sever I As" POSITION="248" LENGTH="1" TYPE="Char" COBOLNAME="EDI-ERR-SEVER-I-AS"/><FIELD NAME="Asn Rcpt Dt As" POSITION="249" LENGTH="10" TYPE="Char" COBOLNAME="ASN-RCPT-DT-AS"/><FIELD NAME="Merch Rcpt Dt As" POSITION="259" LENGTH="10" TYPE="Char" COBOLNAME="MERCH-RCPT-DT-AS"/><FIELD NAME="Sup Rating As" POSITION="269" LENGTH="2" TYPE="Char" COBOLNAME="SUP-RATING-AS"/><FIELD NAME="Integ Flg As" POSITION="271" LENGTH="1" TYPE="Char" COBOLNAME="INTEG-FLG-AS"/><FIELD NAME="Cancel Reason C As" POSITION="272" LENGTH="1" TYPE="Char" COBOLNAME="CANCEL-REASON-C-AS"/><FIELD NAME="P Checked Ctns As" POSITION="273" LENGTH="4" TYPE="Num (Right Justified zero padded)" COBOLNAME="P-CHECKED-CTNS-AS"/><FIELD NAME="P Checked Units As" POSITION="277" LENGTH="4" TYPE="Num (Right Justified zero padded)" COBOLNAME="P-CHECKED-UNITS-AS"/><FIELD NAME="Asn Arrv Tm As" POSITION="281" LENGTH="8" TYPE="Char" COBOLNAME="ASN-ARRV-TM-AS"/><FIELD NAME="Extract Status As" POSITION="289" LENGTH="1" TYPE="Char" COBOLNAME="EXTRACT-STATUS-AS"/><FIELD NAME="C Usr Updt As" POSITION="290" LENGTH="8" TYPE="Char" COBOLNAME="C-USR-UPDT-AS"/><FIELD NAME="Ts Updt As" POSITION="298" LENGTH="26" TYPE="Char" COBOLNAME="TS-UPDT-AS"/><FIELD NAME="As Dlvy Type" POSITION="324" LENGTH="3" TYPE="Char" COBOLNAME="STDR-AS-DLVY-TYPE"/><FIELD NAME="As Num So" POSITION="327" LENGTH="9" TYPE="Num (Right Justified zero padded)" COBOLNAME="STDR-AS-NUM-SO"/><FIELD NAME="As Num Ar" POSITION="336" LENGTH="9" TYPE="Num (Right Justified zero padded)" COBOLNAME="STDR-AS-NUM-AR"/><FIELD NAME="As Filler" POSITION="345" LENGTH="10" TYPE="Char" COBOLNAME="STDR-AS-FILLER"/></FIELDS></RECORD><RECORD RECORDNAME="ams Receipt SO" COPYBOOK="STDREC01_5" DELIMITER="&lt;Tab&gt;" DESCRIPTION="SO ASN ORDER" FILESTRUCTURE="Default" STYLE="0" RECORDTYPE="RecordLayout" LIST="N" QUOTE="" RecSep="default" TESTFIELD="Record Type" TESTVALUE="SO"><FIELDS><FIELD NAME="Record Type" POSITION="1" LENGTH="2" TYPE="Char" COBOLNAME="STDR-RECORD-TYPE"/><FIELD NAME="Asn So" POSITION="3" LENGTH="30" TYPE="Char" COBOLNAME="ASN-SO"/><FIELD NAME="Asn Seq No So" POSITION="33" LENGTH="9" TYPE="Num (Right Justified zero padded)" COBOLNAME="ASN-SEQ-NO-SO"/><FIELD NAME="Order No So" POSITION="42" LENGTH="12" TYPE="Char" COBOLNAME="ORDER-NO-SO"/><FIELD NAME="Store So" POSITION="54" LENGTH="4" TYPE="Num (Right Justified zero padded)" COBOLNAME="STORE-SO"/><FIELD NAME="Order Date So" POSITION="58" LENGTH="10" TYPE="Char" COBOLNAME="ORDER-DATE-SO"/><FIELD NAME="Order Pack Code So" POSITION="68" LENGTH="5" TYPE="Char" COBOLNAME="ORDER-PACK-CODE-SO"/><FIELD NAME="Order Ldg Qty So" POSITION="73" LENGTH="7" TYPE="Num (Right Justified zero padded)" COBOLNAME="ORDER-LDG-QTY-SO"/><FIELD NAME="Order Ldg Wgt So" POSITION="80" LENGTH="11" DECIMAL="3" TYPE="Num Assumed Decimal (Zero padded)" COBOLNAME="ORDER-LDG-WGT-SO"/><FIELD NAME="Order Wgt Code So" POSITION="91" LENGTH="2" TYPE="Char" COBOLNAME="ORDER-WGT-CODE-SO"/><FIELD NAME="Ship Ord Status So" POSITION="93" LENGTH="2" TYPE="Char" COBOLNAME="SHIP-ORD-STATUS-SO"/><FIELD NAME="Sup Inv No So" POSITION="95" LENGTH="20" TYPE="Char" COBOLNAME="SUP-INV-NO-SO"/><FIELD NAME="Error Code So" POSITION="115" LENGTH="2" TYPE="Char" COBOLNAME="ERROR-CODE-SO"/><FIELD NAME="Order No Num So" POSITION="117" LENGTH="12" TYPE="Num (Right Justified zero padded)" COBOLNAME="ORDER-NO-NUM-SO"/><FIELD NAME="Order No 850 So" POSITION="129" LENGTH="12" TYPE="Char" COBOLNAME="ORDER-NO-850-SO"/><FIELD NAME="C Usr Updt So" POSITION="141" LENGTH="8" TYPE="Char" COBOLNAME="C-USR-UPDT-SO"/><FIELD NAME="Ts Updt So" POSITION="149" LENGTH="26" TYPE="Char" COBOLNAME="TS-UPDT-SO"/><FIELD NAME="So Num Sc" POSITION="175" LENGTH="9" TYPE="Num (Right Justified zero padded)" COBOLNAME="STDR-SO-NUM-SC"/><FIELD NAME="So Filler" POSITION="184" LENGTH="167" TYPE="Char" COBOLNAME="STDR-SO-FILLER"/></FIELDS></RECORD><RECORD RECORDNAME="ams Receipt SC" COPYBOOK="STDREC01_6" DELIMITER="&lt;Tab&gt;" DESCRIPTION="SC ASN CONTAINER" FILESTRUCTURE="Default" STYLE="0" RECORDTYPE="RecordLayout" LIST="N" QUOTE="" RecSep="default" TESTFIELD="Record Type" TESTVALUE="SC"><FIELDS><FIELD NAME="Record Type" POSITION="1" LENGTH="2" TYPE="Char" COBOLNAME="STDR-RECORD-TYPE"/><FIELD NAME="Asn Sc" POSITION="3" LENGTH="30" TYPE="Char" COBOLNAME="ASN-SC"/><FIELD NAME="Asn Seq No Sc" POSITION="33" LENGTH="9" TYPE="Num (Right Justified zero padded)" COBOLNAME="ASN-SEQ-NO-SC"/><FIELD NAME="Order No Sc" POSITION="42" LENGTH="12" TYPE="Char" COBOLNAME="ORDER-NO-SC"/><FIELD NAME="Store Sc" POSITION="54" LENGTH="4" TYPE="Num (Right Justified zero padded)" COBOLNAME="STORE-SC"/><FIELD NAME="Scm Sc" POSITION="58" LENGTH="20" TYPE="Char" COBOLNAME="SCM-SC"/><FIELD NAME="Scm Seq No Sc" POSITION="78" LENGTH="9" TYPE="Num (Right Justified zero padded)" COBOLNAME="SCM-SEQ-NO-SC"/><FIELD NAME="Container Type Sc" POSITION="87" LENGTH="1" TYPE="Char" COBOLNAME="CONTAINER-TYPE-SC"/><FIELD NAME="Plt Pack Code Sc" POSITION="88" LENGTH="5" TYPE="Char" COBOLNAME="PLT-PACK-CODE-SC"/><FIELD NAME="Plt Lading Qty Sc" POSITION="93" LENGTH="7" TYPE="Num (Right Justified zero padded)" COBOLNAME="PLT-LADING-QTY-SC"/><FIELD NAME="Plt Lading Wgt Sc" POSITION="100" LENGTH="11" DECIMAL="3" TYPE="Num Assumed Decimal (Zero padded)" COBOLNAME="PLT-LADING-WGT-SC"/><FIELD NAME="Plt Wgt Msre Cd Sc" POSITION="111" LENGTH="2" TYPE="Char" COBOLNAME="PLT-WGT-MSRE-CD-SC"/><FIELD NAME="Parent Scm Sc" POSITION="113" LENGTH="20" TYPE="Char" COBOLNAME="PARENT-SCM-SC"/><FIELD NAME="Parent Scm Seq Sc" POSITION="133" LENGTH="9" TYPE="Num (Right Justified zero padded)" COBOLNAME="PARENT-SCM-SEQ-SC"/><FIELD NAME="Error Code Sc" POSITION="142" LENGTH="2" TYPE="Char" COBOLNAME="ERROR-CODE-SC"/><FIELD NAME="Scm Rceiv Qualfrsc" POSITION="144" LENGTH="1" TYPE="Char" COBOLNAME="SCM-RCEIV-QUALFRSC"/><FIELD NAME="Scm Sample Ind Sc" POSITION="145" LENGTH="1" TYPE="Char" COBOLNAME="SCM-SAMPLE-IND-SC"/><FIELD NAME="C Usr Updt Sc" POSITION="146" LENGTH="8" TYPE="Char" COBOLNAME="C-USR-UPDT-SC"/><FIELD NAME="Ts Updt Sc" POSITION="154" LENGTH="26" TYPE="Char" COBOLNAME="TS-UPDT-SC"/><FIELD NAME="Sc Num Ap" POSITION="180" LENGTH="9" TYPE="Num (Right Justified zero padded)" COBOLNAME="STDR-SC-NUM-AP"/><FIELD NAME="Sc Filler" POSITION="189" LENGTH="162" TYPE="Char" COBOLNAME="STDR-SC-FILLER"/></FIELDS></RECORD><RECORD RECORDNAME="ams Receipt AP" COPYBOOK="STDREC01_7" DELIMITER="&lt;Tab&gt;" DESCRIPTION="AP ASN PRODUCT" FILESTRUCTURE="Default" STYLE="0" RECORDTYPE="RecordLayout" LIST="N" QUOTE="" RecSep="default" TESTFIELD="Record Type" TESTVALUE="AP"><FIELDS><FIELD NAME="Record Type" POSITION="1" LENGTH="2" TYPE="Char" COBOLNAME="STDR-RECORD-TYPE"/><FIELD NAME="Asn Ap" POSITION="3" LENGTH="30" TYPE="Char" COBOLNAME="ASN-AP"/><FIELD NAME="Asn Seq No Ap" POSITION="33" LENGTH="9" TYPE="Num (Right Justified zero padded)" COBOLNAME="ASN-SEQ-NO-AP"/><FIELD NAME="Order No Ap" POSITION="42" LENGTH="12" TYPE="Char" COBOLNAME="ORDER-NO-AP"/><FIELD NAME="Store Ap" POSITION="54" LENGTH="4" TYPE="Num (Right Justified zero padded)" COBOLNAME="STORE-AP"/><FIELD NAME="Scm Ap" POSITION="58" LENGTH="20" TYPE="Char" COBOLNAME="SCM-AP"/><FIELD NAME="Scm Seq No Ap" POSITION="78" LENGTH="9" TYPE="Num (Right Justified zero padded)" COBOLNAME="SCM-SEQ-NO-AP"/><FIELD NAME="Prod No Ap" POSITION="87" LENGTH="14" TYPE="Num (Right Justified zero padded)" COBOLNAME="PROD-NO-AP"/><FIELD NAME="Prod Seq No Ap" POSITION="101" LENGTH="5" TYPE="Num (Right Justified zero padded)" COBOLNAME="PROD-SEQ-NO-AP"/><FIELD NAME="Prod Qualifier Ap" POSITION="106" LENGTH="2" TYPE="Char" COBOLNAME="PROD-QUALIFIER-AP"/><FIELD NAME="Qty Shipped Ap" POSITION="108" LENGTH="12" DECIMAL="2" TYPE="Num Assumed Decimal (Zero padded)" COBOLNAME="QTY-SHIPPED-AP"/><FIELD NAME="Prod Measure Cd Ap" POSITION="120" LENGTH="2" TYPE="Char" COBOLNAME="PROD-MEASURE-CD-AP"/><FIELD NAME="Use By Date Ap" POSITION="122" LENGTH="10" TYPE="Char" COBOLNAME="USE-BY-DATE-AP"/><FIELD NAME="Keycode Ap" POSITION="132" LENGTH="8" TYPE="Num (Right Justified zero padded)" COBOLNAME="KEYCODE-AP"/><FIELD NAME="Error Code Ap" POSITION="140" LENGTH="2" TYPE="Char" COBOLNAME="ERROR-CODE-AP"/><FIELD NAME="Dangr Goods No Ap" POSITION="142" LENGTH="4" TYPE="Num (Right Justified zero padded)" COBOLNAME="DANGR-GOODS-NO-AP"/><FIELD NAME="Dangr Goods Cls Ap" POSITION="146" LENGTH="4" DECIMAL="1" TYPE="Num Assumed Decimal (Zero padded)" COBOLNAME="DANGR-GOODS-CLS-AP"/><FIELD NAME="C Usr Updt Ap" POSITION="150" LENGTH="8" TYPE="Char" COBOLNAME="C-USR-UPDT-AP"/><FIELD NAME="Ts Updt Ap" POSITION="158" LENGTH="26" TYPE="Char" COBOLNAME="TS-UPDT-AP"/><FIELD NAME="Ap Filler" POSITION="184" LENGTH="167" TYPE="Char" COBOLNAME="STDR-AP-FILLER"/></FIELDS></RECORD><RECORD RECORDNAME="ams Receipt AR" COPYBOOK="STDREC01_8" DELIMITER="&lt;Tab&gt;" DESCRIPTION="AR SCM CONTENTS CHECKING" FILESTRUCTURE="Default" STYLE="0" RECORDTYPE="RecordLayout" LIST="N" QUOTE="" RecSep="default" TESTFIELD="Record Type" TESTVALUE="AR"><FIELDS><FIELD NAME="Record Type" POSITION="1" LENGTH="2" TYPE="Char" COBOLNAME="STDR-RECORD-TYPE"/><FIELD NAME="Brand Id Ar" POSITION="3" LENGTH="3" TYPE="Char" COBOLNAME="BRAND-ID-AR"/><FIELD NAME="Order No Ar" POSITION="6" LENGTH="12" TYPE="Char" COBOLNAME="ORDER-NO-AR"/><FIELD NAME="Logistics Loc Noar" POSITION="18" LENGTH="4" TYPE="Num (Right Justified zero padded)" COBOLNAME="LOGISTICS-LOC-NOAR"/><FIELD NAME="Scm Ar" POSITION="31" LENGTH="20" TYPE="Char" COBOLNAME="SCM-AR"/><FIELD NAME="Prod No Ar" POSITION="51" LENGTH="14" TYPE="Num (Right Justified zero padded)" COBOLNAME="PROD-NO-AR"/><FIELD NAME="Prod Qualifier Ar" POSITION="65" LENGTH="2" TYPE="Char" COBOLNAME="PROD-QUALIFIER-AR"/><FIELD NAME="Quality Code Ar" POSITION="67" LENGTH="2" TYPE="Char" COBOLNAME="QUALITY-CODE-AR"/><FIELD NAME="Checked Qty Ar" POSITION="69" LENGTH="12" DECIMAL="2" TYPE="Num Assumed Decimal (Zero padded)" COBOLNAME="CHECKED-QTY-AR"/><FIELD NAME="Sup Id Ar" POSITION="81" LENGTH="8" TYPE="Num (Right Justified zero padded)" COBOLNAME="SUP-ID-AR"/><FIELD NAME="Asn Ar" POSITION="89" LENGTH="30" TYPE="Char" COBOLNAME="ASN-AR"/><FIELD NAME="Brand Dc Ar" POSITION="119" LENGTH="4" TYPE="Num (Right Justified zero padded)" COBOLNAME="BRAND-DC-AR"/><FIELD NAME="Valid Prod Ind Ar" POSITION="123" LENGTH="1" TYPE="Char" COBOLNAME="VALID-PROD-IND-AR"/><FIELD NAME="Processed Ind Ar" POSITION="124" LENGTH="1" TYPE="Char" COBOLNAME="PROCESSED-IND-AR"/><FIELD NAME="Checked By Ar" POSITION="125" LENGTH="10" TYPE="Char" COBOLNAME="CHECKED-BY-AR"/><FIELD NAME="Checked Date Ar" POSITION="135" LENGTH="10" TYPE="Char" COBOLNAME="CHECKED-DATE-AR"/><FIELD NAME="Checked Time Ar" POSITION="145" LENGTH="8" TYPE="Char" COBOLNAME="CHECKED-TIME-AR"/><FIELD NAME="C Usr Updt Ar" POSITION="153" LENGTH="8" TYPE="Char" COBOLNAME="C-USR-UPDT-AR"/><FIELD NAME="Ts Updt Ar" POSITION="161" LENGTH="26" TYPE="Char" COBOLNAME="TS-UPDT-AR"/><FIELD NAME="Ar Filler" POSITION="187" LENGTH="164" TYPE="Char" COBOLNAME="STDR-AR-FILLER"/></FIELDS></RECORD><RECORD RECORDNAME="ams Receipt FT File Trailer" COPYBOOK="STDREC01_9" DELIMITER="&lt;Tab&gt;" DESCRIPTION="FT File Trailer" FILESTRUCTURE="Default" STYLE="0" RECORDTYPE="RecordLayout" LIST="N" QUOTE="" RecSep="default" TESTFIELD="Record Type" TESTVALUE="FT"><FIELDS><FIELD NAME="Record Type" POSITION="1" LENGTH="2" TYPE="Char" COBOLNAME="STDR-RECORD-TYPE"/><FIELD NAME="Ft Num Recds" POSITION="3" LENGTH="9" TYPE="Num (Right Justified zero padded)" COBOLNAME="STDR-FT-NUM-RECDS"/><FIELD NAME="Ft Num Fh" POSITION="12" LENGTH="9" TYPE="Num (Right Justified zero padded)" COBOLNAME="STDR-FT-NUM-FH"/><FIELD NAME="Ft Num Rh" POSITION="21" LENGTH="9" TYPE="Num (Right Justified zero padded)" COBOLNAME="STDR-FT-NUM-RH"/><FIELD NAME="Ft Num Rs" POSITION="39" LENGTH="9" TYPE="Num (Right Justified zero padded)" COBOLNAME="STDR-FT-NUM-RS"/><FIELD NAME="Ft Num As" POSITION="48" LENGTH="9" TYPE="Num (Right Justified zero padded)" COBOLNAME="STDR-FT-NUM-AS"/><FIELD NAME="Ft Num So" POSITION="57" LENGTH="9" TYPE="Num (Right Justified zero padded)" COBOLNAME="STDR-FT-NUM-SO"/><FIELD NAME="Ft Num Sc" POSITION="66" LENGTH="9" TYPE="Num (Right Justified zero padded)" COBOLNAME="STDR-FT-NUM-SC"/><FIELD NAME="Ft Num Ap" POSITION="75" LENGTH="9" TYPE="Num (Right Justified zero padded)" COBOLNAME="STDR-FT-NUM-AP"/><FIELD NAME="Ft Num Ar" POSITION="84" LENGTH="9" TYPE="Num (Right Justified zero padded)" COBOLNAME="STDR-FT-NUM-AR"/><FIELD NAME="Ft Num Ft" POSITION="93" LENGTH="9" TYPE="Num (Right Justified zero padded)" COBOLNAME="STDR-FT-NUM-FT"/><FIELD NAME="Ft Filler" POSITION="102" LENGTH="249" TYPE="Char" COBOLNAME="STDR-FT-FILLER"/></FIELDS></RECORD></RECORDS></RECORD>