<?xml version="1.0" ?><RECORD RECORDNAME="ams Vendor Download" COPYBOOK="" DELIMITER="&lt;Tab&gt;" FILESTRUCTURE="Default" STYLE="0" RECORDTYPE="RecordLayout" LIST="Y" QUOTE="" RecSep="default"><FIELDS><FIELD NAME="Business" DESCRIPTION="always TAR" POSITION="1" LENGTH="3" TYPE="Char"/><FIELD NAME="Vendor" POSITION="4" LENGTH="8" TYPE="Num (Right Justified zero padded)"/><FIELD NAME="Vendor Name" POSITION="12" LENGTH="40" TYPE="Char"/><FIELD NAME="Filler" POSITION="52" LENGTH="15" TYPE="Char"/><FIELD NAME="850" POSITION="67" LENGTH="3" TYPE="Char"/><FIELD NAME="P" DESCRIPTION="always P" POSITION="70" LENGTH="1" TYPE="Char"/><FIELD NAME="Filler" POSITION="72" LENGTH="2" TYPE="Char"/><FIELD NAME="000" DESCRIPTION="always 000" POSITION="74" LENGTH="3" TYPE="Char"/></FIELDS></RECORD>