<?xml version="1.0" ?><RECORD RECORDNAME="ams Receipt (Taret Fields only)" COPYBOOK="" DELIMITER="&lt;Tab&gt;" DESCRIPTION="Receipt upload file" FILESTRUCTURE="Default" STYLE="0" RECORDTYPE="GroupOfRecords" LIST="Y" QUOTE="" RecSep="default"><RECORDS><RECORD RECORDNAME="ams Rct Upload FH Header" COPYBOOK="" DELIMITER="&lt;Tab&gt;" DESCRIPTION="FH File Header" FILESTRUCTURE="Default" STYLE="0" RECORDTYPE="RecordLayout" LIST="N" QUOTE="" RecSep="default" TESTFIELD="Record Type" TESTVALUE="FH"><FIELDS><FIELD NAME="Record Type" POSITION="1" LENGTH="2" TYPE="Char"/><FIELD NAME="Date" POSITION="14" LENGTH="10" TYPE="Char"/><FIELD NAME="Time" POSITION="24" LENGTH="8" TYPE="Char"/></FIELDS></RECORD><RECORD RECORDNAME="ams Rct Upload: RH" COPYBOOK="" DELIMITER="&lt;Tab&gt;" DESCRIPTION="RH Reciept Header" FILESTRUCTURE="Default" STYLE="0" RECORDTYPE="RecordLayout" LIST="N" QUOTE="" RecSep="default" TESTFIELD="Record Type" TESTVALUE="RH"><FIELDS><FIELD NAME="Record Type" POSITION="1" LENGTH="2" TYPE="Char"/><FIELD NAME="PO" POSITION="6" LENGTH="12" TYPE="Num (Right Justified zero padded)"/><FIELD NAME="Reciept Number" POSITION="22" LENGTH="9" TYPE="Num (Right Justified zero padded)"/><FIELD NAME="Recipt Date" POSITION="39" LENGTH="10" TYPE="Char"/><FIELD NAME="Receipt Time" POSITION="49" LENGTH="8" TYPE="Char"/><FIELD NAME="Brand DC" POSITION="62" LENGTH="4" TYPE="Char"/></FIELDS></RECORD><RECORD RECORDNAME="ams Rct Upload: RD" COPYBOOK="" DELIMITER="&lt;Tab&gt;" DESCRIPTION="RD Reciept Detail" FILESTRUCTURE="Default" STYLE="0" RECORDTYPE="RecordLayout" LIST="N" QUOTE="" RecSep="default" TESTFIELD="Record Type" TESTVALUE="RD"><FIELDS><FIELD NAME="Record Type" POSITION="1" LENGTH="2" TYPE="Char"/><FIELD NAME="PO" POSITION="6" LENGTH="12" TYPE="Num (Right Justified zero padded)"/><FIELD NAME="Receipt Number" POSITION="22" LENGTH="9" TYPE="Num (Right Justified zero padded)"/><FIELD NAME="Pmg Dtl Tech Key" POSITION="31" LENGTH="14" TYPE="Num (Right Justified zero padded)"/><FIELD NAME="Keycode" POSITION="45" LENGTH="8" TYPE="Num (Right Justified zero padded)"/><FIELD NAME="Recieved Qty" POSITION="60" LENGTH="9" TYPE="Num (Right Justified zero padded)"/><FIELD NAME="User" POSITION="89" LENGTH="8" TYPE="Char"/></FIELDS></RECORD><RECORD RECORDNAME="ams Rct Upload: FT footer" COPYBOOK="" DELIMITER="&lt;Tab&gt;" DESCRIPTION="FT File Footer" FILESTRUCTURE="Default" STYLE="0" RECORDTYPE="RecordLayout" LIST="N" QUOTE="" RecSep="default" TESTFIELD="Record Type" TESTVALUE="FT"><FIELDS><FIELD NAME="Record Type" POSITION="1" LENGTH="2" TYPE="Char"/><FIELD NAME="Number of Records" POSITION="3" LENGTH="9" TYPE="Num (Right Justified zero padded)"/><FIELD NAME="Number of RH records" POSITION="21" LENGTH="9" TYPE="Num (Right Justified zero padded)"/><FIELD NAME="Number of RD Records" POSITION="30" LENGTH="9" TYPE="Num (Right Justified zero padded)"/></FIELDS></RECORD></RECORDS></RECORD>