<?xml version="1.0" ?><RECORD RECORDNAME="ams Shipping Upload" COPYBOOK="" DELIMITER="&lt;Tab&gt;" FILESTRUCTURE="Default" STYLE="0" RECORDTYPE="GroupOfRecords" LIST="Y" QUOTE="" RecSep="default"><RECORDS><RECORD RECORDNAME="ams shp Upload FH Header" COPYBOOK="STDDIS01" DELIMITER="&lt;Tab&gt;" DESCRIPTION="FH File Header \nFile Layout Of The Dispatch Extract " FILESTRUCTURE="Default" STYLE="0" RECORDTYPE="RecordLayout" LIST="N" QUOTE="" RecSep="default" TESTFIELD="Record Type" TESTVALUE="FH"><FIELDS><FIELD NAME="Record Type" DESCRIPTION="15/03/00.   150 Bytes." POSITION="1" LENGTH="2" TYPE="Char" COBOLNAME="RECORD-TYPE"/><FIELD NAME="Fh Description" POSITION="3" LENGTH="8" TYPE="Char" COBOLNAME="FH-DESCRIPTION"/><FIELD NAME="Fh Brand Id" POSITION="11" LENGTH="3" TYPE="Char" COBOLNAME="FH-BRAND-ID"/><FIELD NAME="Fh Create Date" POSITION="14" LENGTH="10" TYPE="Char" COBOLNAME="FH-CREATE-DATE"/><FIELD NAME="Fh Create Time" POSITION="24" LENGTH="8" TYPE="Char" COBOLNAME="FH-CREATE-TIME"/><FIELD NAME="Fh Filler" POSITION="32" LENGTH="169" TYPE="Char" COBOLNAME="FH-FILLER"/></FIELDS></RECORD><RECORD RECORDNAME="ams shp Upload DH" COPYBOOK="STDDIS01_1" DELIMITER="&lt;Tab&gt;" DESCRIPTION="DH - Dispatch Header" FILESTRUCTURE="Default" STYLE="0" RECORDTYPE="RecordLayout" LIST="N" QUOTE="" RecSep="default" TESTFIELD="Record Type" TESTVALUE="DH"><FIELDS><FIELD NAME="Record Type" POSITION="1" LENGTH="2" TYPE="Char" COBOLNAME="RECORD-TYPE"/><FIELD NAME="Mnfst No Dh" POSITION="3" LENGTH="9" TYPE="Num (Right Justified zero padded)" COBOLNAME="MNFST-NO-DH"/><FIELD NAME="Dc No Dh" POSITION="12" LENGTH="4" TYPE="Num (Right Justified zero padded)" COBOLNAME="DC-NO-DH"/><FIELD NAME="Brand Id Dh" POSITION="16" LENGTH="3" TYPE="Char" COBOLNAME="BRAND-ID-DH"/><FIELD NAME="Str No Dh" POSITION="19" LENGTH="4" TYPE="Num (Right Justified zero padded)" COBOLNAME="STR-NO-DH"/><FIELD NAME="Desp Dt Dh" POSITION="23" LENGTH="10" TYPE="Char" COBOLNAME="DESP-DT-DH"/><FIELD NAME="Desp Tm Dh" POSITION="33" LENGTH="8" TYPE="Char" COBOLNAME="DESP-TM-DH"/><FIELD NAME="Occurs Type A Dh" POSITION="41" LENGTH="1" TYPE="Char" COBOLNAME="OCCURS-TYPE-A-DH"/><FIELD NAME="Occurs Type B Dh" POSITION="42" LENGTH="1" TYPE="Char" COBOLNAME="OCCURS-TYPE-B-DH"/><FIELD NAME="Occurs Type C Dh" POSITION="43" LENGTH="1" TYPE="Char" COBOLNAME="OCCURS-TYPE-C-DH"/><FIELD NAME="Processed Ind Dh" POSITION="44" LENGTH="1" TYPE="Char" COBOLNAME="PROCESSED-IND-DH"/><FIELD NAME="C Usr Updt Dh" POSITION="45" LENGTH="8" TYPE="Char" COBOLNAME="C-USR-UPDT-DH"/><FIELD NAME="Ts Updt Dh" POSITION="53" LENGTH="26" TYPE="Char" COBOLNAME="TS-UPDT-DH"/><FIELD NAME="Dh Num Do" POSITION="79" LENGTH="9" TYPE="Num (Right Justified zero padded)" COBOLNAME="DH-NUM-DO"/><FIELD NAME="Dh Filler" POSITION="88" LENGTH="113" TYPE="Char" COBOLNAME="DH-FILLER"/></FIELDS></RECORD><RECORD RECORDNAME="ams shp Upload DO" COPYBOOK="STDDIS01_2" DELIMITER="&lt;Tab&gt;" DESCRIPTION="DO - Dispatch Order" FILESTRUCTURE="Default" STYLE="0" RECORDTYPE="RecordLayout" LIST="N" QUOTE="" RecSep="default" TESTFIELD="Record Type" TESTVALUE="DO"><FIELDS><FIELD NAME="Record Type" POSITION="1" LENGTH="2" TYPE="Char" COBOLNAME="RECORD-TYPE"/><FIELD NAME="Mnfst No Do" POSITION="3" LENGTH="9" TYPE="Num (Right Justified zero padded)" COBOLNAME="MNFST-NO-DO"/><FIELD NAME="Dc No Do" POSITION="12" LENGTH="4" TYPE="Num (Right Justified zero padded)" COBOLNAME="DC-NO-DO"/><FIELD NAME="Brand Id Do" POSITION="16" LENGTH="3" TYPE="Char" COBOLNAME="BRAND-ID-DO"/><FIELD NAME="Str No Do" POSITION="19" LENGTH="4" TYPE="Num (Right Justified zero padded)" COBOLNAME="STR-NO-DO"/><FIELD NAME="Order No Do" POSITION="23" LENGTH="12" TYPE="Char" COBOLNAME="ORDER-NO-DO"/><FIELD NAME="Receipt No Do" POSITION="35" LENGTH="9" TYPE="Num (Right Justified zero padded)" COBOLNAME="RECEIPT-NO-DO"/><FIELD NAME="Order Type Do" POSITION="44" LENGTH="1" TYPE="Char" COBOLNAME="ORDER-TYPE-DO"/><FIELD NAME="Tot Inners Desp Do" POSITION="45" LENGTH="7" TYPE="Num (Right Justified zero padded)" COBOLNAME="TOT-INNERS-DESP-DO"/><FIELD NAME="C Usr Updt Do" POSITION="52" LENGTH="8" TYPE="Char" COBOLNAME="C-USR-UPDT-DO"/><FIELD NAME="Ts Updt Do" POSITION="60" LENGTH="26" TYPE="Char" COBOLNAME="TS-UPDT-DO"/><FIELD NAME="Do Num Ds" POSITION="86" LENGTH="9" TYPE="Num (Right Justified zero padded)" COBOLNAME="DO-NUM-DS"/><FIELD NAME="Do Num Dp" POSITION="95" LENGTH="9" TYPE="Num (Right Justified zero padded)" COBOLNAME="DO-NUM-DP"/><FIELD NAME="Do Num Di" POSITION="104" LENGTH="9" TYPE="Num (Right Justified zero padded)" COBOLNAME="DO-NUM-DI"/><FIELD NAME="Asn Do" POSITION="113" LENGTH="30" TYPE="Char" COBOLNAME="ASN-DO"/><FIELD NAME="Asn Seq No Do" POSITION="143" LENGTH="9" TYPE="Num (Right Justified zero padded)" COBOLNAME="ASN-SEQ-NO-DO"/><FIELD NAME="Brand Dc Do" POSITION="152" LENGTH="4" TYPE="Num (Right Justified zero padded)" COBOLNAME="BRAND-DC-DO"/><FIELD NAME="Do Filler" POSITION="156" LENGTH="45" TYPE="Char" COBOLNAME="DO-FILLER"/></FIELDS></RECORD><RECORD RECORDNAME="ams shp Upload DS" COPYBOOK="STDDIS01_3" DELIMITER="&lt;Tab&gt;" DESCRIPTION="DS Dispatch SCM" FILESTRUCTURE="Default" STYLE="0" RECORDTYPE="RecordLayout" LIST="N" QUOTE="" RecSep="default" TESTFIELD="Record Type" TESTVALUE="DS"><FIELDS><FIELD NAME="Record Type" POSITION="1" LENGTH="2" TYPE="Char" COBOLNAME="RECORD-TYPE"/><FIELD NAME="Mnfst No Ds" POSITION="3" LENGTH="9" TYPE="Num (Right Justified zero padded)" COBOLNAME="MNFST-NO-DS"/><FIELD NAME="Dc No Ds" POSITION="12" LENGTH="4" TYPE="Num (Right Justified zero padded)" COBOLNAME="DC-NO-DS"/><FIELD NAME="Brand Id Ds" POSITION="16" LENGTH="3" TYPE="Char" COBOLNAME="BRAND-ID-DS"/><FIELD NAME="Str No Ds" POSITION="19" LENGTH="4" TYPE="Num (Right Justified zero padded)" COBOLNAME="STR-NO-DS"/><FIELD NAME="Order No Ds" POSITION="23" LENGTH="12" TYPE="Char" COBOLNAME="ORDER-NO-DS"/><FIELD NAME="Scm Inner Ds" POSITION="35" LENGTH="20" TYPE="Char" COBOLNAME="SCM-INNER-DS"/><FIELD NAME="Scm Outer Ds" POSITION="55" LENGTH="20" TYPE="Char" COBOLNAME="SCM-OUTER-DS"/><FIELD NAME="C Usr Updt Ds" POSITION="75" LENGTH="8" TYPE="Char" COBOLNAME="C-USR-UPDT-DS"/><FIELD NAME="Ts Updt Ds" POSITION="83" LENGTH="26" TYPE="Char" COBOLNAME="TS-UPDT-DS"/><FIELD NAME="Ds Num Ap" POSITION="109" LENGTH="9" TYPE="Num (Right Justified zero padded)" COBOLNAME="DS-NUM-AP"/><FIELD NAME="Ds Num Ar" POSITION="118" LENGTH="9" TYPE="Num (Right Justified zero padded)" COBOLNAME="DS-NUM-AR"/><FIELD NAME="Asn Ds" POSITION="127" LENGTH="30" TYPE="Char" COBOLNAME="ASN-DS"/><FIELD NAME="Asn Seq No Ds" POSITION="157" LENGTH="9" TYPE="Num (Right Justified zero padded)" COBOLNAME="ASN-SEQ-NO-DS"/><FIELD NAME="Receipt No Ds" POSITION="166" LENGTH="9" TYPE="Num (Right Justified zero padded)" COBOLNAME="RECEIPT-NO-DS"/><FIELD NAME="Ds Filler" POSITION="175" LENGTH="26" TYPE="Char" COBOLNAME="DS-FILLER"/></FIELDS></RECORD><RECORD RECORDNAME="ams shp Upload AP" COPYBOOK="STDDIS01_4" DELIMITER="&lt;Tab&gt;" DESCRIPTION="AP" FILESTRUCTURE="Default" STYLE="0" RECORDTYPE="RecordLayout" LIST="N" QUOTE="" RecSep="default" TESTFIELD="Record Type" TESTVALUE="AP"><FIELDS><FIELD NAME="Record Type" POSITION="1" LENGTH="2" TYPE="Char" COBOLNAME="RECORD-TYPE"/><FIELD NAME="Asn Ap" POSITION="3" LENGTH="30" TYPE="Char" COBOLNAME="ASN-AP"/><FIELD NAME="Asn Seq No Ap" POSITION="33" LENGTH="9" TYPE="Num (Right Justified zero padded)" COBOLNAME="ASN-SEQ-NO-AP"/><FIELD NAME="Order No Ap" POSITION="42" LENGTH="12" TYPE="Char" COBOLNAME="ORDER-NO-AP"/><FIELD NAME="Store Ap" POSITION="54" LENGTH="4" TYPE="Num (Right Justified zero padded)" COBOLNAME="STORE-AP"/><FIELD NAME="Scm Ap" POSITION="58" LENGTH="20" TYPE="Char" COBOLNAME="SCM-AP"/><FIELD NAME="Scm Seq No Ap" POSITION="78" LENGTH="9" TYPE="Num (Right Justified zero padded)" COBOLNAME="SCM-SEQ-NO-AP"/><FIELD NAME="Prod No Ap" POSITION="87" LENGTH="14" TYPE="Num (Right Justified zero padded)" COBOLNAME="PROD-NO-AP"/><FIELD NAME="Prod Seq No Ap" POSITION="101" LENGTH="5" TYPE="Num (Right Justified zero padded)" COBOLNAME="PROD-SEQ-NO-AP"/><FIELD NAME="Prod Qualifier Ap" POSITION="106" LENGTH="2" TYPE="Char" COBOLNAME="PROD-QUALIFIER-AP"/><FIELD NAME="Qty Shipped Ap" POSITION="108" LENGTH="12" DECIMAL="2" TYPE="Num (Right Justified zero padded)" COBOLNAME="QTY-SHIPPED-AP"/><FIELD NAME="Prod Measure Cd Ap" POSITION="120" LENGTH="2" TYPE="Char" COBOLNAME="PROD-MEASURE-CD-AP"/><FIELD NAME="Use By Date Ap" POSITION="122" LENGTH="10" TYPE="Char" COBOLNAME="USE-BY-DATE-AP"/><FIELD NAME="Keycode Ap" POSITION="132" LENGTH="8" TYPE="Num (Right Justified zero padded)" COBOLNAME="KEYCODE-AP"/><FIELD NAME="Error Code Ap" POSITION="140" LENGTH="2" TYPE="Char" COBOLNAME="ERROR-CODE-AP"/><FIELD NAME="Dangr Goods No Ap" POSITION="142" LENGTH="4" TYPE="Num (Right Justified zero padded)" COBOLNAME="DANGR-GOODS-NO-AP"/><FIELD NAME="Dangr Goods Cls Ap" POSITION="146" LENGTH="4" DECIMAL="1" TYPE="Num (Right Justified zero padded)" COBOLNAME="DANGR-GOODS-CLS-AP"/><FIELD NAME="C Usr Updt Ap" POSITION="150" LENGTH="8" TYPE="Char" COBOLNAME="C-USR-UPDT-AP"/><FIELD NAME="Ts Updt Ap" POSITION="158" LENGTH="26" TYPE="Char" COBOLNAME="TS-UPDT-AP"/><FIELD NAME="Ap Filler" POSITION="184" LENGTH="17" TYPE="Char" COBOLNAME="AP-FILLER"/></FIELDS></RECORD><RECORD RECORDNAME="ams shp Upload AR" COPYBOOK="STDDIS01_5" DELIMITER="&lt;Tab&gt;" DESCRIPTION="AR SCM CONTENTS CHECKING" FILESTRUCTURE="Default" STYLE="0" RECORDTYPE="RecordLayout" LIST="N" QUOTE="" RecSep="default" TESTFIELD="Record Type" TESTVALUE="AR"><FIELDS><FIELD NAME="Record Type" POSITION="1" LENGTH="2" TYPE="Char" COBOLNAME="RECORD-TYPE"/><FIELD NAME="Brand Id Ar" POSITION="3" LENGTH="3" TYPE="Char" COBOLNAME="BRAND-ID-AR"/><FIELD NAME="Order No Ar" POSITION="6" LENGTH="12" TYPE="Char" COBOLNAME="ORDER-NO-AR"/><FIELD NAME="Logistics Loc Noar" POSITION="18" LENGTH="4" TYPE="Num (Right Justified zero padded)" COBOLNAME="LOGISTICS-LOC-NOAR"/><FIELD NAME="Receipt No Ar" POSITION="22" LENGTH="9" TYPE="Num (Right Justified zero padded)" COBOLNAME="RECEIPT-NO-AR"/><FIELD NAME="Scm Ar" POSITION="31" LENGTH="20" TYPE="Char" COBOLNAME="SCM-AR"/><FIELD NAME="Prod No Ar" POSITION="51" LENGTH="14" TYPE="Num (Right Justified zero padded)" COBOLNAME="PROD-NO-AR"/><FIELD NAME="Prod Qualifier Ar" POSITION="65" LENGTH="2" TYPE="Char" COBOLNAME="PROD-QUALIFIER-AR"/><FIELD NAME="Quality Code Ar" POSITION="67" LENGTH="2" TYPE="Char" COBOLNAME="QUALITY-CODE-AR"/><FIELD NAME="Checked Qty Ar" POSITION="69" LENGTH="12" DECIMAL="2" TYPE="Num (Right Justified zero padded)" COBOLNAME="CHECKED-QTY-AR"/><FIELD NAME="Sup Id Ar" POSITION="81" LENGTH="8" TYPE="Num (Right Justified zero padded)" COBOLNAME="SUP-ID-AR"/><FIELD NAME="Asn Ar" POSITION="89" LENGTH="30" TYPE="Char" COBOLNAME="ASN-AR"/><FIELD NAME="Brand Dc Ar" POSITION="119" LENGTH="4" TYPE="Num (Right Justified zero padded)" COBOLNAME="BRAND-DC-AR"/><FIELD NAME="Valid Prod Ind Ar" POSITION="123" LENGTH="1" TYPE="Char" COBOLNAME="VALID-PROD-IND-AR"/><FIELD NAME="Processed Ind Ar" POSITION="124" LENGTH="1" TYPE="Char" COBOLNAME="PROCESSED-IND-AR"/><FIELD NAME="Checked By Ar" POSITION="125" LENGTH="10" TYPE="Char" COBOLNAME="CHECKED-BY-AR"/><FIELD NAME="Checked Date Ar" POSITION="135" LENGTH="10" TYPE="Char" COBOLNAME="CHECKED-DATE-AR"/><FIELD NAME="Checked Time Ar" POSITION="145" LENGTH="8" TYPE="Char" COBOLNAME="CHECKED-TIME-AR"/><FIELD NAME="C Usr Updt Ar" POSITION="153" LENGTH="8" TYPE="Char" COBOLNAME="C-USR-UPDT-AR"/><FIELD NAME="Ts Updt Ar" POSITION="161" LENGTH="26" TYPE="Char" COBOLNAME="TS-UPDT-AR"/><FIELD NAME="Ar Filler" POSITION="187" LENGTH="14" TYPE="Char" COBOLNAME="AR-FILLER"/></FIELDS></RECORD><RECORD RECORDNAME="ams shp Upload DP" COPYBOOK="STDDIS01_6" DELIMITER="&lt;Tab&gt;" DESCRIPTION="DP" FILESTRUCTURE="Default" STYLE="0" RECORDTYPE="RecordLayout" LIST="N" QUOTE="" RecSep="default" TESTFIELD="Record Type" TESTVALUE="DP"><FIELDS><FIELD NAME="Record Type" POSITION="1" LENGTH="2" TYPE="Char" COBOLNAME="RECORD-TYPE"/><FIELD NAME="Mnfst No Dp" POSITION="3" LENGTH="9" TYPE="Num (Right Justified zero padded)" COBOLNAME="MNFST-NO-DP"/><FIELD NAME="Dc No Dp" POSITION="12" LENGTH="4" TYPE="Num (Right Justified zero padded)" COBOLNAME="DC-NO-DP"/><FIELD NAME="Brand Id Dp" POSITION="16" LENGTH="3" TYPE="Char" COBOLNAME="BRAND-ID-DP"/><FIELD NAME="Str No Dp" POSITION="19" LENGTH="4" TYPE="Num (Right Justified zero padded)" COBOLNAME="STR-NO-DP"/><FIELD NAME="Order No Dp" POSITION="23" LENGTH="12" TYPE="Char" COBOLNAME="ORDER-NO-DP"/><FIELD NAME="Keycode Dp" POSITION="35" LENGTH="8" TYPE="Num (Right Justified zero padded)" COBOLNAME="KEYCODE-DP"/><FIELD NAME="Prod No Dp" POSITION="43" LENGTH="14" TYPE="Num (Right Justified zero padded)" COBOLNAME="PROD-NO-DP"/><FIELD NAME="Prod Qualifier Dp" POSITION="57" LENGTH="2" TYPE="Char" COBOLNAME="PROD-QUALIFIER-DP"/><FIELD NAME="Desp Qty Dp" POSITION="59" LENGTH="9" TYPE="Num (Right Justified zero padded)" COBOLNAME="DESP-QTY-DP"/><FIELD NAME="Itms Per Ctn Qtydp" POSITION="68" LENGTH="6" TYPE="Num (Right Justified zero padded)" COBOLNAME="ITMS-PER-CTN-QTYDP"/><FIELD NAME="C Usr Updt Dp" POSITION="74" LENGTH="8" TYPE="Char" COBOLNAME="C-USR-UPDT-DP"/><FIELD NAME="Ts Updt Dp" POSITION="82" LENGTH="26" TYPE="Char" COBOLNAME="TS-UPDT-DP"/><FIELD NAME="Receipt No Dp" POSITION="108" LENGTH="9" TYPE="Num (Right Justified zero padded)" COBOLNAME="RECEIPT-NO-DP"/><FIELD NAME="Dp Filler" POSITION="117" LENGTH="84" TYPE="Char" COBOLNAME="DP-FILLER"/></FIELDS></RECORD><RECORD RECORDNAME="ams shp Upload DI" COPYBOOK="STDDIS01_7" DELIMITER="&lt;Tab&gt;" DESCRIPTION="DI Dispatch Items" FILESTRUCTURE="Default" STYLE="0" RECORDTYPE="RecordLayout" LIST="N" QUOTE="" RecSep="default" TESTFIELD="Record Type" TESTVALUE="DI"><FIELDS><FIELD NAME="Record Type" POSITION="1" LENGTH="2" TYPE="Char" COBOLNAME="RECORD-TYPE"/><FIELD NAME="Mnfst No Di" POSITION="3" LENGTH="9" TYPE="Num (Right Justified zero padded)" COBOLNAME="MNFST-NO-DI"/><FIELD NAME="Dc No Di" POSITION="12" LENGTH="4" TYPE="Num (Right Justified zero padded)" COBOLNAME="DC-NO-DI"/><FIELD NAME="Brand Id Di" POSITION="16" LENGTH="3" TYPE="Char" COBOLNAME="BRAND-ID-DI"/><FIELD NAME="Str No Di" POSITION="19" LENGTH="4" TYPE="Num (Right Justified zero padded)" COBOLNAME="STR-NO-DI"/><FIELD NAME="Order No Di" POSITION="23" LENGTH="12" TYPE="Char" COBOLNAME="ORDER-NO-DI"/><FIELD NAME="Keycode Di" POSITION="35" LENGTH="8" TYPE="Num (Right Justified zero padded)" COBOLNAME="KEYCODE-DI"/><FIELD NAME="Prod No Di" POSITION="43" LENGTH="14" TYPE="Num (Right Justified zero padded)" COBOLNAME="PROD-NO-DI"/><FIELD NAME="Prod Qualifier Di" POSITION="57" LENGTH="2" TYPE="Char" COBOLNAME="PROD-QUALIFIER-DI"/><FIELD NAME="Desp Qty Di" POSITION="59" LENGTH="9" TYPE="Num (Right Justified zero padded)" COBOLNAME="DESP-QTY-DI"/><FIELD NAME="Itms Per Ctn Qtydi" POSITION="68" LENGTH="6" TYPE="Num (Right Justified zero padded)" COBOLNAME="ITMS-PER-CTN-QTYDI"/><FIELD NAME="C Usr Updt Di" POSITION="74" LENGTH="8" TYPE="Char" COBOLNAME="C-USR-UPDT-DI"/><FIELD NAME="Ts Updt Di" POSITION="82" LENGTH="26" TYPE="Char" COBOLNAME="TS-UPDT-DI"/><FIELD NAME="Receipt No Di" POSITION="108" LENGTH="9" TYPE="Num (Right Justified zero padded)" COBOLNAME="RECEIPT-NO-DI"/></FIELDS></RECORD><RECORD RECORDNAME="ams shp Upload FT" COPYBOOK="STDDIS01_8" DELIMITER="&lt;Tab&gt;" DESCRIPTION="FT File Trailer" FILESTRUCTURE="Default" STYLE="0" RECORDTYPE="RecordLayout" LIST="N" QUOTE="" RecSep="default" TESTFIELD="Record Type" TESTVALUE="FT"><FIELDS><FIELD NAME="Record Type" POSITION="1" LENGTH="2" TYPE="Char" COBOLNAME="RECORD-TYPE"/><FIELD NAME="Ft Num Recds" POSITION="3" LENGTH="9" TYPE="Num (Right Justified zero padded)" COBOLNAME="FT-NUM-RECDS"/><FIELD NAME="Ft Num Fh" POSITION="12" LENGTH="9" TYPE="Num (Right Justified zero padded)" COBOLNAME="FT-NUM-FH"/><FIELD NAME="Ft Num Dh" POSITION="21" LENGTH="9" TYPE="Num (Right Justified zero padded)" COBOLNAME="FT-NUM-DH"/><FIELD NAME="Ft Num Do" POSITION="30" LENGTH="9" TYPE="Num (Right Justified zero padded)" COBOLNAME="FT-NUM-DO"/><FIELD NAME="Ft Num Ds" POSITION="39" LENGTH="9" TYPE="Num (Right Justified zero padded)" COBOLNAME="FT-NUM-DS"/><FIELD NAME="Ft Num Ap" POSITION="48" LENGTH="9" TYPE="Num (Right Justified zero padded)" COBOLNAME="FT-NUM-AP"/><FIELD NAME="Ft Num Ar" POSITION="57" LENGTH="9" TYPE="Num (Right Justified zero padded)" COBOLNAME="FT-NUM-AR"/><FIELD NAME="Ft Num Dp" POSITION="66" LENGTH="9" TYPE="Num (Right Justified zero padded)" COBOLNAME="FT-NUM-DP"/><FIELD NAME="Ft Num Di" POSITION="75" LENGTH="9" TYPE="Num (Right Justified zero padded)" COBOLNAME="FT-NUM-DI"/><FIELD NAME="Ft Num Ft" POSITION="84" LENGTH="9" TYPE="Num (Right Justified zero padded)" COBOLNAME="FT-NUM-FT"/></FIELDS></RECORD></RECORDS></RECORD>