<?xml version="1.0" ?><RECORD RECORDNAME="zFixedWidth_ams_Store" COPYBOOK="" DELIMITER="&lt;Tab&gt;" DESCRIPTION="Store Download to AMS" FILESTRUCTURE="Fixed_Length" STYLE="0" RECORDTYPE="RecordLayout" LIST="Y" QUOTE="" RecSep="default"><FIELDS><FIELD NAME="Brand Id" DESCRIPTION="Char" POSITION="1" LENGTH="3" TYPE="Char"/><FIELD NAME="Loc Nbr" DESCRIPTION="Char" POSITION="4" LENGTH="4" TYPE="Char"/><FIELD NAME="Loc Type" DESCRIPTION="Char" POSITION="8" LENGTH="2" TYPE="Char"/><FIELD NAME="Loc Name" DESCRIPTION="Char" POSITION="10" LENGTH="35" TYPE="Char"/><FIELD NAME="Loc Addr Ln1" DESCRIPTION="Char" POSITION="45" LENGTH="40" TYPE="Char"/><FIELD NAME="Loc Addr Ln2" DESCRIPTION="Char" POSITION="85" LENGTH="40" TYPE="Char"/><FIELD NAME="Loc Addr Ln3" DESCRIPTION="Char" POSITION="125" LENGTH="35" TYPE="Char"/><FIELD NAME="Loc Postcode" DESCRIPTION="Char" POSITION="160" LENGTH="10" TYPE="Char"/><FIELD NAME="Loc State" DESCRIPTION="Char" POSITION="170" LENGTH="3" TYPE="Char"/><FIELD NAME="Loc Actv Ind" DESCRIPTION="Char" POSITION="173" LENGTH="1" TYPE="Char"/></FIELDS></RECORD>